{
    "Measure Name": "measureMicPosition1",
    "Type of measure": "SineSweep",
    "Sound speed": 344.632,
    "Sampling frequency": 96000,
    "Number of Microphones": 15,
    "Number of Loudspeakers": 8,
    "Room dimension": [
        3.64,
        5.0,
        2.5
    ],
    "Known positions device": "Microphone",
    "Known positions": [
        [
            1.55,
            0.0,
            1.67
        ],
        [
            1.625,
            0.0,
            1.445
        ],
        [
            1.7,
            0.0,
            1.67
        ],
        [
            1.775,
            0.0,
            1.445
        ],
        [
            1.85,
            0.0,
            1.67
        ],
        [
            1.925,
            0.0,
            1.445
        ],
        [
            2.0,
            0.0,
            1.67
        ],
        [
            2.075,
            0.0,
            1.52
        ]
    ],
    "Estimated positions": [
        [
            0.4902827536285181,
            4.497304752956176,
            0.5247714047376688
        ],
        [
            1.1919573375520252,
            4.412470295744616,
            0.4032515637421387
        ],
        [
            1.8021505090221583,
            4.395861881363224,
            0.45062747780763
        ],
        [
            2.3099836656475166,
            4.4582375184471355,
            0.400773932253931
        ],
        [
            3.030033080981027,
            4.50959502777887,
            0.5401202340595029
        ],
        [
            0.6269112159124532,
            3.828343378653016,
            1.1394903095540074
        ],
        [
            1.190646497741206,
            3.7539484518976503,
            1.1440331802319879
        ],
        [
            1.7782603501890057,
            3.805869460940946,
            1.1407551665590365
        ],
        [
            2.401992278989332,
            3.800970187252998,
            1.1350002218877784
        ],
        [
            3.0706179058944354,
            3.8474853142994427,
            1.0893535120058846
        ],
        [
            0.6264162715519752,
            3.229951006653306,
            2.044788870199173
        ],
        [
            1.11362260123726,
            3.2765725091771056,
            2.042217453314311
        ],
        [
            1.8993729397284358,
            3.265129891292492,
            2.0214248650836626
        ],
        [
            2.4708498885454873,
            3.226107615618288,
            2.0289904433308554
        ],
        [
            3.0363195747528113,
            3.312125028535369,
            2.028390556302254
        ]
    ]
}